backbone,arm_id,arm_name,seed,trainable_parameters,total_parameters,wall_clock_seconds,peak_memory_mb,inference_latency_ms,n_train_examples,n_train_pos,n_train_neg,val_mrr,val_top1,val_top3,val_ndcg,val_auprc,val_ece,val_brier,test_mrr,test_top1,test_top3,test_ndcg,test_auprc,test_ece,test_brier
chemformer,A0,positive_only,20260721,180737,19363937,20.05,364.55,68.488,394,394,0,0.280205,0.098039,0.215686,0.446352,0.144971,0.850757,0.833179,0.195541,0.0,0.127273,0.380196,0.092889,0.850711,0.833116
chemformer,A0,positive_only,20260722,180737,19363937,20.31,365.3,77.3957,394,394,0,0.311765,0.117647,0.27451,0.471842,0.157776,0.866655,0.860468,0.250823,0.054545,0.218182,0.423782,0.124171,0.866647,0.860457
chemformer,A0,positive_only,20260723,180737,19363937,16.81,365.3,88.639,394,394,0,0.323739,0.137255,0.294118,0.479875,0.143362,0.851231,0.833971,0.290606,0.054545,0.345455,0.456945,0.115102,0.85121,0.833942
chemformer,A0,positive_only,20260724,180737,19363937,22.22,365.3,79.4106,394,394,0,0.30028,0.117647,0.27451,0.461217,0.139415,0.869601,0.865581,0.294589,0.109091,0.236364,0.45759,0.119638,0.869597,0.865576
chemformer,A0,positive_only,20260725,180737,19363937,16.08,365.3,68.1141,394,394,0,0.32598,0.137255,0.294118,0.482027,0.180621,0.84771,0.827989,0.326558,0.145455,0.309091,0.482351,0.133361,0.847689,0.827959
chemformer,A0,positive_only,20260726,180737,19363937,13.15,365.3,123.5595,394,394,0,0.281092,0.078431,0.254902,0.447194,0.118047,0.765601,0.695556,0.213139,0.036364,0.109091,0.392989,0.115591,0.765513,0.695462
chemformer,A0,positive_only,20260727,180737,19363937,11.23,365.3,67.7439,394,394,0,0.333427,0.058824,0.431373,0.493586,0.154974,0.741221,0.658735,0.376299,0.109091,0.509091,0.526522,0.151446,0.741314,0.658868
chemformer,A0,positive_only,20260728,180737,19363937,20.84,365.3,83.6588,394,394,0,0.262465,0.058824,0.215686,0.433454,0.106752,0.871207,0.868378,0.244242,0.054545,0.163636,0.417968,0.114106,0.871202,0.868371
chemformer,A0,positive_only,20260729,180737,19363937,12.47,365.3,99.1467,394,394,0,0.423436,0.196078,0.54902,0.561445,0.14693,0.755401,0.679992,0.479394,0.218182,0.654545,0.607247,0.186506,0.755417,0.679991
chemformer,A0,positive_only,20260730,180737,19363937,20.65,365.3,115.0115,394,394,0,0.286298,0.098039,0.254902,0.451635,0.130152,0.871785,0.869386,0.263506,0.072727,0.2,0.433104,0.115748,0.87178,0.869378
chemformer,A1,random_mismatch,20260721,180737,19363937,27.07,365.3,66.8189,788,394,394,0.39916,0.117647,0.568627,0.544241,0.156313,0.374463,0.249527,0.419004,0.163636,0.581818,0.560101,0.166424,0.374666,0.249626
chemformer,A1,random_mismatch,20260722,180737,19363937,28.63,365.3,82.977,788,394,394,0.412442,0.156863,0.627451,0.554088,0.171427,0.39577,0.265938,0.469719,0.236364,0.6,0.598373,0.249155,0.395964,0.266051
chemformer,A1,random_mismatch,20260723,180737,19363937,23.3,365.3,73.3814,788,394,394,0.402801,0.156863,0.509804,0.547195,0.155641,0.363251,0.241226,0.466667,0.236364,0.527273,0.596487,0.213876,0.363434,0.241317
chemformer,A1,random_mismatch,20260724,180737,19363937,30.72,365.3,80.9503,788,394,394,0.399393,0.156863,0.54902,0.543746,0.166808,0.404387,0.272819,0.461082,0.181818,0.690909,0.594118,0.214765,0.40459,0.272886
chemformer,A1,random_mismatch,20260725,180737,19363937,31.79,365.3,78.134,788,394,394,0.313959,0.078431,0.333333,0.475637,0.104022,0.364642,0.242377,0.272338,0.072727,0.2,0.441385,0.100176,0.364661,0.242385
chemformer,A1,random_mismatch,20260726,180737,19363937,30.3,365.3,85.0328,788,394,394,0.413679,0.156863,0.607843,0.554548,0.16373,0.372551,0.248129,0.40881,0.181818,0.454545,0.550067,0.17898,0.372766,0.248268
chemformer,A1,random_mismatch,20260727,180737,19363937,26.21,365.3,75.8806,788,394,394,0.389449,0.137255,0.529412,0.536641,0.165827,0.369418,0.245738,0.436407,0.181818,0.6,0.573488,0.195292,0.369748,0.245926
chemformer,A1,random_mismatch,20260728,180737,19363937,31.67,365.3,65.4936,788,394,394,0.398109,0.117647,0.607843,0.543832,0.145972,0.340124,0.22496,0.405758,0.127273,0.618182,0.550878,0.16446,0.340478,0.225138
chemformer,A1,random_mismatch,20260729,180737,19363937,17.14,365.3,82.4961,788,394,394,0.396755,0.137255,0.568627,0.542405,0.15671,0.363376,0.241349,0.44303,0.145455,0.672727,0.58064,0.209906,0.363551,0.24138
chemformer,A1,random_mismatch,20260730,180737,19363937,30.27,365.3,70.3957,788,394,394,0.389472,0.137255,0.529412,0.535668,0.146089,0.340413,0.225224,0.370043,0.109091,0.545455,0.521547,0.16005,0.340605,0.225323
chemformer,A2,random_corruption,20260721,180737,19363937,37.73,365.3,97.796,788,394,394,0.397432,0.137255,0.529412,0.543437,0.168274,0.369457,0.245757,0.455152,0.2,0.618182,0.588244,0.198137,0.369744,0.245938
chemformer,A2,random_corruption,20260722,180737,19363937,32.7,365.3,92.598,788,394,394,0.489729,0.27451,0.568627,0.612079,0.202402,0.350245,0.231958,0.440455,0.2,0.581818,0.575842,0.224778,0.350422,0.23206
chemformer,A2,random_corruption,20260723,180737,19363937,38.99,365.3,82.2303,788,394,394,0.406583,0.156863,0.490196,0.549921,0.156852,0.332255,0.219461,0.486667,0.254545,0.563636,0.611746,0.202728,0.332718,0.219674
chemformer,A2,random_corruption,20260724,180737,19363937,39.13,365.3,107.3455,788,394,394,0.376517,0.137255,0.470588,0.526512,0.149875,0.401954,0.2708,0.464545,0.218182,0.581818,0.595054,0.197123,0.402195,0.270881
chemformer,A2,random_corruption,20260725,180737,19363937,41.75,365.3,60.4371,788,394,394,0.393487,0.137255,0.509804,0.540362,0.173017,0.35955,0.238446,0.467879,0.218182,0.636364,0.598376,0.21821,0.360051,0.238708
chemformer,A2,random_corruption,20260726,180737,19363937,34.64,365.3,65.04,788,394,394,0.464869,0.254902,0.529412,0.593186,0.17514,0.360505,0.239199,0.493506,0.272727,0.618182,0.616038,0.212301,0.360842,0.239393
chemformer,A2,random_corruption,20260727,180737,19363937,21.96,365.3,83.2586,788,394,394,0.377684,0.117647,0.509804,0.527434,0.165247,0.346665,0.229414,0.457316,0.218182,0.563636,0.588582,0.236267,0.347075,0.229643
chemformer,A2,random_corruption,20260728,180737,19363937,21.04,365.3,68.4183,788,394,394,0.421148,0.156863,0.607843,0.560933,0.150001,0.398545,0.268172,0.371818,0.090909,0.527273,0.524483,0.159745,0.398684,0.268262
chemformer,A2,random_corruption,20260729,180737,19363937,20.09,365.3,65.0124,788,394,394,0.401167,0.156863,0.54902,0.545396,0.152331,0.360413,0.239181,0.441818,0.163636,0.6,0.579141,0.208819,0.360574,0.239201
chemformer,A2,random_corruption,20260730,180737,19363937,33.94,365.3,70.2951,788,394,394,0.399673,0.137255,0.529412,0.545045,0.157402,0.382173,0.255326,0.43,0.181818,0.545455,0.569131,0.201987,0.382438,0.255482
chemformer,A3,tanimoto_retrieval,20260721,180737,19363937,26.69,365.3,82.8451,788,394,394,0.393581,0.137255,0.588235,0.539529,0.155576,0.354205,0.234657,0.429091,0.145455,0.636364,0.569305,0.201812,0.354484,0.234553
chemformer,A3,tanimoto_retrieval,20260722,180737,19363937,21.06,365.3,74.2031,788,394,394,0.390266,0.137255,0.529412,0.535747,0.156085,0.354673,0.235147,0.395476,0.163636,0.454545,0.540268,0.170384,0.354828,0.235226
chemformer,A3,tanimoto_retrieval,20260723,180737,19363937,14.8,365.3,69.2827,788,394,394,0.382446,0.176471,0.45098,0.527073,0.161311,0.390751,0.262069,0.409892,0.163636,0.527273,0.551845,0.199038,0.390817,0.262079
chemformer,A3,tanimoto_retrieval,20260724,180737,19363937,24.66,365.3,66.3794,788,394,394,0.385341,0.137255,0.470588,0.531992,0.136993,0.411293,0.278514,0.399134,0.127273,0.563636,0.544702,0.162179,0.411329,0.278389
chemformer,A3,tanimoto_retrieval,20260725,180737,19363937,25.22,365.3,69.0732,788,394,394,0.281933,0.058824,0.372549,0.450338,0.129615,0.365837,0.243272,0.247576,0.0,0.218182,0.425142,0.111925,0.365789,0.243198
chemformer,A3,tanimoto_retrieval,20260726,180737,19363937,28.78,365.3,63.9617,788,394,394,0.394981,0.156863,0.490196,0.539005,0.16508,0.375493,0.250312,0.386234,0.127273,0.490909,0.534322,0.177774,0.37598,0.25056
chemformer,A3,tanimoto_retrieval,20260727,180737,19363937,14.91,365.3,67.8369,788,394,394,0.40915,0.215686,0.470588,0.548018,0.171869,0.350214,0.232002,0.433506,0.236364,0.472727,0.567771,0.195888,0.350332,0.232073
chemformer,A3,tanimoto_retrieval,20260728,180737,19363937,20.44,365.3,63.289,788,394,394,0.359407,0.137255,0.411765,0.510886,0.136433,0.310984,0.206098,0.350671,0.109091,0.454545,0.506175,0.135141,0.311051,0.20611
chemformer,A3,tanimoto_retrieval,20260729,180737,19363937,20.22,365.3,71.0045,788,394,394,0.405649,0.156863,0.54902,0.54774,0.150721,0.3812,0.254648,0.422294,0.145455,0.563636,0.562953,0.166413,0.381407,0.254716
chemformer,A3,tanimoto_retrieval,20260730,180737,19363937,15.3,365.3,55.8008,788,394,394,0.262838,0.039216,0.27451,0.435774,0.116649,0.349779,0.231838,0.242835,0.036364,0.181818,0.417903,0.103823,0.349522,0.231723
chemformer,A4,template_perturbation,20260721,180737,19363937,21.41,365.3,68.4527,788,394,394,0.426704,0.176471,0.568627,0.565082,0.177611,0.410243,0.277642,0.416082,0.181818,0.490909,0.556411,0.19143,0.410348,0.277718
chemformer,A4,template_perturbation,20260722,180737,19363937,15.37,365.3,59.1753,788,394,394,0.381162,0.176471,0.392157,0.525781,0.154057,0.417413,0.283605,0.318009,0.109091,0.309091,0.476373,0.138023,0.417417,0.283629
chemformer,A4,template_perturbation,20260723,180737,19363937,26.67,365.3,72.1871,788,394,394,0.349556,0.058824,0.54902,0.507607,0.14229,0.404369,0.272827,0.382424,0.109091,0.472727,0.533283,0.157148,0.40449,0.272896
chemformer,A4,template_perturbation,20260724,180737,19363937,26.57,365.3,72.803,788,394,394,0.417577,0.176471,0.568627,0.557146,0.161056,0.4153,0.281811,0.464545,0.218182,0.636364,0.595756,0.222545,0.415438,0.281876
chemformer,A4,template_perturbation,20260725,180737,19363937,27.74,365.3,74.3258,788,394,394,0.434641,0.215686,0.529412,0.569202,0.163782,0.409991,0.27742,0.434156,0.2,0.490909,0.570299,0.166969,0.410067,0.277437
chemformer,A4,template_perturbation,20260726,180737,19363937,27.23,365.3,66.4075,788,394,394,0.418464,0.156863,0.568627,0.559389,0.16105,0.367324,0.244187,0.448939,0.181818,0.581818,0.583513,0.204177,0.367652,0.244363
chemformer,A4,template_perturbation,20260727,180737,19363937,26.02,365.3,82.0089,788,394,394,0.388305,0.137255,0.490196,0.534727,0.174702,0.368855,0.245362,0.447186,0.218182,0.527273,0.58,0.212547,0.369124,0.245533
chemformer,A4,template_perturbation,20260728,180737,19363937,28.71,365.3,68.0311,788,394,394,0.359734,0.078431,0.568627,0.514473,0.140807,0.337124,0.222975,0.390325,0.109091,0.545455,0.538111,0.150706,0.337302,0.223065
chemformer,A4,template_perturbation,20260729,180737,19363937,15.7,365.3,74.0046,788,394,394,0.367834,0.098039,0.529412,0.520128,0.154059,0.363587,0.241515,0.438788,0.145455,0.654545,0.577238,0.198319,0.363733,0.241532
chemformer,A4,template_perturbation,20260730,180737,19363937,21.43,365.3,69.6487,788,394,394,0.265359,0.039216,0.254902,0.436417,0.119677,0.372397,0.248075,0.267078,0.054545,0.309091,0.437498,0.112936,0.372294,0.248012
chemformer,A5,unconstrained_edit,20260721,180737,19363937,19.87,365.3,80.2494,788,394,394,0.397899,0.117647,0.529412,0.544703,0.159275,0.408847,0.276386,0.456364,0.2,0.636364,0.589515,0.184718,0.409094,0.27656
chemformer,A5,unconstrained_edit,20260722,180737,19363937,20.1,365.3,55.6876,788,394,394,0.412138,0.137255,0.588235,0.555569,0.186716,0.416399,0.282606,0.475628,0.218182,0.672727,0.604445,0.248531,0.416665,0.282763
chemformer,A5,unconstrained_edit,20260723,180737,19363937,32.89,365.3,69.7936,788,394,394,0.420962,0.176471,0.509804,0.561179,0.162105,0.387504,0.25894,0.485152,0.254545,0.618182,0.610766,0.220728,0.388537,0.259511
chemformer,A5,unconstrained_edit,20260724,180737,19363937,34.15,365.3,60.7216,788,394,394,0.380766,0.117647,0.54902,0.531059,0.160536,0.411746,0.278514,0.466234,0.218182,0.618182,0.596939,0.225558,0.412528,0.278893
chemformer,A5,unconstrained_edit,20260725,180737,19363937,32.32,365.3,77.4753,788,394,394,0.380579,0.137255,0.45098,0.529618,0.170895,0.358892,0.237679,0.479394,0.254545,0.6,0.606088,0.251815,0.360013,0.238247
chemformer,A5,unconstrained_edit,20260726,180737,19363937,25.77,365.3,62.093,788,394,394,0.428945,0.196078,0.490196,0.566551,0.162939,0.390935,0.261842,0.495931,0.254545,0.636364,0.619231,0.207301,0.391781,0.2623
chemformer,A5,unconstrained_edit,20260727,180737,19363937,32.31,365.3,76.5125,788,394,394,0.358357,0.098039,0.490196,0.51333,0.169158,0.37044,0.245924,0.449264,0.218182,0.509091,0.582445,0.241041,0.372182,0.246894
chemformer,A5,unconstrained_edit,20260728,180737,19363937,32.67,365.3,71.8196,788,394,394,0.403782,0.156863,0.509804,0.548139,0.171957,0.386912,0.25846,0.476364,0.236364,0.636364,0.604529,0.241112,0.387991,0.259022
chemformer,A5,unconstrained_edit,20260729,180737,19363937,32.23,365.3,77.6601,788,394,394,0.378268,0.117647,0.529412,0.528939,0.168417,0.367922,0.243937,0.448788,0.181818,0.654545,0.584065,0.23464,0.369443,0.244643
chemformer,A5,unconstrained_edit,20260730,180737,19363937,18.93,365.3,64.266,788,394,394,0.393838,0.137255,0.490196,0.54046,0.168772,0.344291,0.227774,0.460606,0.218182,0.6,0.592438,0.236854,0.344561,0.227904
chemformer,A6,rule_pc_cng,20260721,180737,19363937,33.88,365.3,76.9941,788,394,394,0.397432,0.137255,0.529412,0.543437,0.168274,0.369457,0.245757,0.455152,0.2,0.618182,0.588244,0.198137,0.369744,0.245938
chemformer,A6,rule_pc_cng,20260722,180737,19363937,28.94,365.3,74.5527,788,394,394,0.489729,0.27451,0.568627,0.612079,0.202402,0.350245,0.231958,0.440455,0.2,0.581818,0.575842,0.224778,0.350422,0.23206
chemformer,A6,rule_pc_cng,20260723,180737,19363937,35.37,365.3,73.2373,788,394,394,0.406583,0.156863,0.490196,0.549921,0.156852,0.332255,0.219461,0.486667,0.254545,0.563636,0.611746,0.202728,0.332718,0.219674
chemformer,A6,rule_pc_cng,20260724,180737,19363937,35.22,365.3,73.2406,788,394,394,0.376517,0.137255,0.470588,0.526512,0.149875,0.401954,0.2708,0.464545,0.218182,0.581818,0.595054,0.197123,0.402195,0.270881
chemformer,A6,rule_pc_cng,20260725,180737,19363937,36.19,365.3,74.1009,788,394,394,0.393487,0.137255,0.509804,0.540362,0.173017,0.35955,0.238446,0.467879,0.218182,0.636364,0.598376,0.21821,0.360051,0.238708
chemformer,A6,rule_pc_cng,20260726,180737,19363937,33.97,365.3,73.0479,788,394,394,0.464869,0.254902,0.529412,0.593186,0.17514,0.360505,0.239199,0.493506,0.272727,0.618182,0.616038,0.212301,0.360842,0.239393
chemformer,A6,rule_pc_cng,20260727,180737,19363937,20.75,365.3,58.0959,788,394,394,0.377684,0.117647,0.509804,0.527434,0.165247,0.346665,0.229414,0.457316,0.218182,0.563636,0.588582,0.236267,0.347075,0.229643
chemformer,A6,rule_pc_cng,20260728,180737,19363937,22.12,365.3,83.759,788,394,394,0.421148,0.156863,0.607843,0.560933,0.150001,0.398545,0.268172,0.371818,0.090909,0.527273,0.524483,0.159745,0.398684,0.268262
chemformer,A6,rule_pc_cng,20260729,180737,19363937,21.08,365.3,78.6921,788,394,394,0.401167,0.156863,0.54902,0.545396,0.152331,0.360413,0.239181,0.441818,0.163636,0.6,0.579141,0.208819,0.360574,0.239201
chemformer,A6,rule_pc_cng,20260730,180737,19363937,35.29,365.3,72.0123,788,394,394,0.399673,0.137255,0.529412,0.545045,0.157402,0.382173,0.255326,0.43,0.181818,0.545455,0.569131,0.201987,0.382438,0.255482
gnn,A0,positive_only,20260721,187265,187265,6.88,29.84,2.5412,394,394,0,0.448366,0.156863,0.627451,0.583607,0.214899,0.366602,0.289394,0.403333,0.127273,0.509091,0.54859,0.172518,0.358823,0.288468
gnn,A0,positive_only,20260722,187265,187265,3.48,29.84,12.7236,394,394,0,0.434174,0.176471,0.647059,0.572967,0.2125,0.390596,0.307673,0.396667,0.127273,0.563636,0.543895,0.188255,0.381981,0.305884
gnn,A0,positive_only,20260723,187265,187265,6.55,29.84,4.4995,394,394,0,0.398226,0.137255,0.568627,0.545354,0.187,0.807802,0.807508,0.433333,0.127273,0.672727,0.57345,0.223085,0.800198,0.799876
gnn,A0,positive_only,20260724,187265,187265,3.45,29.84,5.6517,394,394,0,0.377311,0.078431,0.627451,0.530279,0.179819,0.401338,0.316109,0.427273,0.163636,0.581818,0.567312,0.201944,0.393059,0.314155
gnn,A0,positive_only,20260725,187265,187265,4.97,29.84,6.622,394,394,0,0.378431,0.078431,0.54902,0.530672,0.171841,0.711499,0.661371,0.371212,0.090909,0.527273,0.524537,0.156203,0.704932,0.656989
gnn,A0,positive_only,20260726,187265,187265,4.95,29.84,3.1007,394,394,0,0.361438,0.058824,0.568627,0.517684,0.1984,0.715018,0.666322,0.36,0.054545,0.472727,0.5163,0.179526,0.706699,0.659509
gnn,A0,positive_only,20260727,187265,187265,6.22,29.84,3.8834,394,394,0,0.401307,0.117647,0.54902,0.548066,0.170185,0.807893,0.807654,0.403636,0.109091,0.618182,0.550259,0.185173,0.800312,0.800049
gnn,A0,positive_only,20260728,187265,187265,5.22,29.84,5.6687,394,394,0,0.452941,0.176471,0.764706,0.588424,0.219107,0.717315,0.669238,0.467273,0.2,0.654545,0.599061,0.259824,0.710181,0.66346
gnn,A0,positive_only,20260729,187265,187265,5.2,29.84,5.3272,394,394,0,0.44281,0.156863,0.705882,0.580525,0.223018,0.717854,0.669885,0.449394,0.181818,0.672727,0.584856,0.289406,0.711177,0.664867
gnn,A0,positive_only,20260730,187265,187265,5.73,29.84,12.6359,394,394,0,0.373366,0.078431,0.568627,0.526699,0.197614,0.807945,0.807738,0.408788,0.109091,0.563636,0.553849,0.230877,0.800385,0.800177
gnn,A1,random_mismatch,20260721,187265,187265,6.41,29.84,10.6007,788,394,394,0.43366,0.156863,0.666667,0.573273,0.218966,0.303953,0.247312,0.418788,0.145455,0.672727,0.561923,0.256333,0.297595,0.248034
gnn,A1,random_mismatch,20260722,187265,187265,6.35,29.84,4.1147,788,394,394,0.427451,0.156863,0.686275,0.568027,0.262869,0.301607,0.245934,0.448788,0.2,0.618182,0.58382,0.312737,0.295172,0.246572
gnn,A1,random_mismatch,20260723,187265,187265,5.74,29.84,3.3505,788,394,394,0.42451,0.137255,0.647059,0.566385,0.230565,0.320844,0.257875,0.446667,0.181818,0.654545,0.582808,0.289443,0.314401,0.258112
gnn,A1,random_mismatch,20260724,187265,187265,10.6,29.84,6.8488,788,394,394,0.424183,0.137255,0.705882,0.566177,0.233932,0.26009,0.226027,0.463939,0.218182,0.654545,0.595432,0.309747,0.267176,0.231629
gnn,A1,random_mismatch,20260725,187265,187265,8.21,29.84,3.1129,788,394,394,0.404248,0.098039,0.666667,0.551563,0.23256,0.306344,0.248616,0.456667,0.2,0.618182,0.590175,0.272317,0.302066,0.25005
gnn,A1,random_mismatch,20260726,187265,187265,10.45,29.84,2.5757,788,394,394,0.416667,0.117647,0.686275,0.561018,0.243788,0.308866,0.254366,0.455152,0.2,0.636364,0.589055,0.270623,0.314476,0.260827
gnn,A1,random_mismatch,20260727,187265,187265,8.15,29.84,4.967,788,394,394,0.414052,0.117647,0.666667,0.5588,0.247624,0.310736,0.251643,0.456667,0.2,0.654545,0.590315,0.291486,0.308052,0.25381
gnn,A1,random_mismatch,20260728,187265,187265,5.93,29.84,4.1886,788,394,394,0.401634,0.117647,0.647059,0.548879,0.234607,0.311059,0.251633,0.474242,0.236364,0.636364,0.603273,0.2888,0.304261,0.251906
gnn,A1,random_mismatch,20260729,187265,187265,10.33,29.86,8.3289,788,394,394,0.417974,0.117647,0.686275,0.561867,0.227691,0.316939,0.259888,0.464242,0.218182,0.636364,0.595765,0.285909,0.325561,0.268591
gnn,A1,random_mismatch,20260730,187265,187265,9.64,29.84,6.6956,788,394,394,0.423856,0.137255,0.705882,0.566188,0.26226,0.31117,0.251823,0.455152,0.2,0.672727,0.589195,0.324062,0.307412,0.253482
gnn,A2,random_corruption,20260721,187265,187265,5.19,29.84,2.3124,788,394,394,0.435621,0.156863,0.568627,0.573546,0.195181,0.627437,0.549009,0.430909,0.163636,0.563636,0.569766,0.188589,0.618115,0.542373
gnn,A2,random_corruption,20260722,187265,187265,6.37,29.84,6.6201,788,394,394,0.406396,0.117647,0.666667,0.552616,0.204406,0.633433,0.556694,0.400303,0.127273,0.581818,0.54674,0.197861,0.622741,0.548661
gnn,A2,random_corruption,20260723,187265,187265,7.12,29.84,4.3574,788,394,394,0.399533,0.117647,0.647059,0.546971,0.194877,0.727419,0.684397,0.426364,0.127273,0.618182,0.567518,0.202298,0.717724,0.675373
gnn,A2,random_corruption,20260724,187265,187265,10.06,29.84,5.9691,788,394,394,0.354762,0.039216,0.647059,0.513749,0.181075,0.721476,0.676211,0.394848,0.090909,0.636364,0.543445,0.190188,0.710735,0.666249
gnn,A2,random_corruption,20260725,187265,187265,6.05,29.84,3.7828,788,394,394,0.378431,0.078431,0.54902,0.530672,0.170649,0.660455,0.591356,0.371212,0.090909,0.527273,0.524537,0.155852,0.654058,0.587942
gnn,A2,random_corruption,20260726,187265,187265,6.97,29.84,2.8714,788,394,394,0.378431,0.078431,0.627451,0.531328,0.187323,0.728297,0.685622,0.373939,0.054545,0.545455,0.527696,0.182082,0.719283,0.677732
gnn,A2,random_corruption,20260727,187265,187265,10.04,29.84,3.7042,788,394,394,0.415219,0.156863,0.588235,0.558226,0.207913,0.740624,0.70381,0.440909,0.145455,0.690909,0.57904,0.21012,0.730558,0.694042
gnn,A2,random_corruption,20260728,187265,187265,6.8,29.84,4.8494,788,394,394,0.45719,0.176471,0.764706,0.59185,0.215315,0.670041,0.603666,0.465758,0.2,0.672727,0.59794,0.253659,0.662997,0.59867
gnn,A2,random_corruption,20260729,187265,187265,5.72,29.84,4.8042,788,394,394,0.439542,0.156863,0.666667,0.577807,0.21999,0.667824,0.60054,0.429091,0.145455,0.636364,0.569711,0.26434,0.661144,0.596185
gnn,A2,random_corruption,20260730,187265,187265,7.97,29.84,8.8389,788,394,394,0.363889,0.039216,0.666667,0.520741,0.181081,0.740593,0.703454,0.386667,0.054545,0.690909,0.538586,0.186359,0.732295,0.696113
gnn,A3,tanimoto_retrieval,20260721,187265,187265,11.72,29.84,11.0308,788,394,394,0.454248,0.156863,0.72549,0.590208,0.206719,0.572344,0.553093,0.509697,0.236364,0.763636,0.631947,0.23917,0.53742,0.517303
gnn,A3,tanimoto_retrieval,20260722,187265,187265,7.73,29.84,6.0216,788,394,394,0.461438,0.196078,0.627451,0.594459,0.221836,0.353816,0.279944,0.503939,0.236364,0.8,0.627316,0.249504,0.332503,0.267404
gnn,A3,tanimoto_retrieval,20260723,187265,187265,7.94,29.84,3.1146,788,394,394,0.460458,0.196078,0.627451,0.5936,0.224561,0.352604,0.279697,0.535152,0.290909,0.763636,0.650484,0.249191,0.330148,0.266186
gnn,A3,tanimoto_retrieval,20260724,187265,187265,5.72,29.84,4.1657,788,394,394,0.459477,0.196078,0.588235,0.592589,0.227674,0.315875,0.254399,0.464848,0.2,0.709091,0.597284,0.238729,0.307158,0.253475
gnn,A3,tanimoto_retrieval,20260725,187265,187265,10.02,29.84,3.5712,788,394,394,0.460458,0.176471,0.666667,0.594216,0.21168,0.471572,0.391462,0.533939,0.272727,0.763636,0.650128,0.266832,0.439767,0.359537
gnn,A3,tanimoto_retrieval,20260726,187265,187265,8.01,29.84,2.3881,788,394,394,0.461438,0.176471,0.627451,0.594924,0.216329,0.359382,0.282393,0.552121,0.309091,0.8,0.663689,0.251998,0.345742,0.275619
gnn,A3,tanimoto_retrieval,20260727,187265,187265,7.83,29.84,3.926,788,394,394,0.459804,0.196078,0.568627,0.592948,0.236766,0.337356,0.268395,0.505758,0.236364,0.763636,0.628769,0.239995,0.31909,0.259541
gnn,A3,tanimoto_retrieval,20260728,187265,187265,10.54,29.84,6.605,788,394,394,0.486601,0.196078,0.705882,0.61444,0.21912,0.593059,0.577464,0.53697,0.272727,0.763636,0.652509,0.275305,0.587515,0.567754
gnn,A3,tanimoto_retrieval,20260729,187265,187265,9.69,29.84,9.7147,788,394,394,0.49085,0.196078,0.784314,0.618169,0.217994,0.564417,0.539338,0.545758,0.290909,0.781818,0.658886,0.274644,0.532744,0.508454
gnn,A3,tanimoto_retrieval,20260730,187265,187265,9.84,29.84,4.8447,788,394,394,0.480065,0.196078,0.705882,0.609306,0.217355,0.564286,0.560759,0.549091,0.290909,0.763636,0.6616,0.259099,0.568557,0.551662
gnn,A4,template_perturbation,20260721,187265,187265,9.52,29.84,3.7408,788,394,394,0.418627,0.117647,0.686275,0.562737,0.22718,0.277262,0.236934,0.446364,0.181818,0.654545,0.582818,0.279357,0.284765,0.242705
gnn,A4,template_perturbation,20260722,187265,187265,5.8,29.84,13.0815,788,394,394,0.434967,0.137255,0.666667,0.574587,0.275984,0.302298,0.246304,0.460303,0.218182,0.672727,0.592728,0.282343,0.295595,0.246787
gnn,A4,template_perturbation,20260723,187265,187265,9.91,29.84,5.4216,788,394,394,0.416667,0.117647,0.686275,0.561018,0.231011,0.362949,0.301164,0.474545,0.218182,0.654545,0.604177,0.283721,0.375001,0.31148
gnn,A4,template_perturbation,20260724,187265,187265,9.56,29.84,3.3111,788,394,394,0.41732,0.117647,0.705882,0.561518,0.244992,0.317581,0.262321,0.480303,0.236364,0.636364,0.608034,0.307942,0.327363,0.270282
gnn,A4,template_perturbation,20260725,187265,187265,6.03,29.84,6.6083,788,394,394,0.405556,0.117647,0.647059,0.552317,0.232559,0.305287,0.248063,0.489091,0.254545,0.636364,0.614754,0.282612,0.298538,0.24839
gnn,A4,template_perturbation,20260726,187265,187265,9.96,30.12,3.6252,788,394,394,0.422222,0.117647,0.705882,0.565815,0.229951,0.308267,0.253644,0.467879,0.218182,0.636364,0.598953,0.274214,0.311686,0.258078
gnn,A4,template_perturbation,20260727,187265,187265,6.4,29.84,4.9101,788,394,394,0.410458,0.117647,0.705882,0.556394,0.231117,0.306517,0.248823,0.45697,0.2,0.672727,0.590789,0.279174,0.300212,0.249325
gnn,A4,template_perturbation,20260728,187265,187265,6.32,29.84,3.3421,788,394,394,0.414052,0.117647,0.647059,0.55917,0.234809,0.312113,0.252271,0.498182,0.272727,0.636364,0.621464,0.291523,0.305308,0.252447
gnn,A4,template_perturbation,20260729,187265,187265,10.22,29.84,6.4186,788,394,394,0.42451,0.117647,0.666667,0.567371,0.230668,0.283161,0.238142,0.470909,0.218182,0.636364,0.601333,0.283066,0.288535,0.242116
gnn,A4,template_perturbation,20260730,187265,187265,8.93,29.84,4.0179,788,394,394,0.418954,0.117647,0.666667,0.563096,0.235871,0.311329,0.251835,0.48,0.236364,0.672727,0.608184,0.293312,0.306599,0.252779
gnn,A5,unconstrained_edit,20260721,187265,187265,6.04,29.84,5.08,788,394,394,0.428105,0.156863,0.568627,0.567552,0.191202,0.630834,0.553268,0.421818,0.145455,0.563636,0.563056,0.185714,0.621541,0.546562
gnn,A5,unconstrained_edit,20260722,187265,187265,8.44,29.84,4.9626,788,394,394,0.412932,0.117647,0.705882,0.557902,0.200056,0.769139,0.746766,0.408788,0.127273,0.636364,0.553698,0.202121,0.759339,0.736906
gnn,A5,unconstrained_edit,20260723,187265,187265,7.91,29.84,5.6945,788,394,394,0.401494,0.117647,0.607843,0.548538,0.192734,0.775834,0.756937,0.43697,0.145455,0.690909,0.575863,0.20928,0.766689,0.747665
gnn,A5,unconstrained_edit,20260724,187265,187265,9.94,29.84,6.4191,788,394,394,0.365546,0.058824,0.607843,0.521693,0.183921,0.784004,0.769839,0.420606,0.127273,0.672727,0.563121,0.209993,0.774131,0.759583
gnn,A5,unconstrained_edit,20260725,187265,187265,5.67,29.84,2.4209,788,394,394,0.365033,0.058824,0.54902,0.52061,0.175715,0.678609,0.615662,0.355455,0.072727,0.472727,0.512462,0.152671,0.671856,0.61154
gnn,A5,unconstrained_edit,20260726,187265,187265,6.31,29.84,6.5419,788,394,394,0.362745,0.058824,0.54902,0.518902,0.182017,0.686424,0.626282,0.36303,0.054545,0.545455,0.518961,0.180582,0.677875,0.619667
gnn,A5,unconstrained_edit,20260727,187265,187265,9.36,29.84,2.6083,788,394,394,0.414566,0.137255,0.647059,0.558493,0.208823,0.78592,0.772584,0.442424,0.145455,0.672727,0.58016,0.206439,0.776792,0.763106
gnn,A5,unconstrained_edit,20260728,187265,187265,8.23,29.84,6.8187,788,394,394,0.463399,0.196078,0.686275,0.595959,0.199198,0.746091,0.711361,0.445758,0.127273,0.709091,0.583929,0.217224,0.738092,0.704037
gnn,A5,unconstrained_edit,20260729,187265,187265,6.13,29.84,5.3086,788,394,394,0.433007,0.156863,0.627451,0.572521,0.220604,0.686752,0.62618,0.433636,0.145455,0.654545,0.573352,0.260442,0.679899,0.62135
gnn,A5,unconstrained_edit,20260730,187265,187265,5.37,29.84,3.1787,788,394,394,0.366503,0.058824,0.647059,0.522343,0.181364,0.660927,0.591745,0.391212,0.054545,0.672727,0.542087,0.185823,0.652789,0.585854
gnn,A6,rule_pc_cng,20260721,187265,187265,6.83,29.84,6.5614,788,394,394,0.432353,0.156863,0.568627,0.570978,0.195105,0.627437,0.549009,0.430909,0.163636,0.563636,0.569766,0.188645,0.618115,0.542373
gnn,A6,rule_pc_cng,20260722,187265,187265,6.24,29.84,4.4831,788,394,394,0.406396,0.117647,0.666667,0.552616,0.20446,0.633433,0.556694,0.400303,0.127273,0.581818,0.54674,0.197978,0.622741,0.548661
gnn,A6,rule_pc_cng,20260723,187265,187265,8.31,29.84,8.5746,788,394,394,0.399533,0.117647,0.647059,0.546971,0.194699,0.727419,0.684397,0.426364,0.127273,0.618182,0.567518,0.202341,0.717724,0.675373
gnn,A6,rule_pc_cng,20260724,187265,187265,10.22,29.84,4.8874,788,394,394,0.354762,0.039216,0.647059,0.513749,0.180857,0.721476,0.676211,0.394848,0.090909,0.636364,0.543445,0.190136,0.710735,0.666249
gnn,A6,rule_pc_cng,20260725,187265,187265,6.37,29.84,2.4862,788,394,394,0.379412,0.078431,0.54902,0.531532,0.170773,0.660455,0.591356,0.371212,0.090909,0.527273,0.524537,0.155766,0.654058,0.587942
gnn,A6,rule_pc_cng,20260726,187265,187265,8.77,29.84,4.2006,788,394,394,0.378431,0.078431,0.627451,0.531328,0.187283,0.728303,0.68563,0.373939,0.054545,0.545455,0.527696,0.18203,0.719289,0.67774
gnn,A6,rule_pc_cng,20260727,187265,187265,10.17,29.84,4.616,788,394,394,0.415219,0.156863,0.588235,0.558226,0.207216,0.740624,0.70381,0.440909,0.145455,0.690909,0.57904,0.210085,0.730558,0.694042
gnn,A6,rule_pc_cng,20260728,187265,187265,6.45,29.84,4.4714,788,394,394,0.45719,0.176471,0.764706,0.59185,0.21606,0.670041,0.603666,0.465758,0.2,0.672727,0.59794,0.253844,0.662997,0.59867
gnn,A6,rule_pc_cng,20260729,187265,187265,6.49,29.84,3.7846,788,394,394,0.436275,0.156863,0.666667,0.575239,0.219337,0.667824,0.60054,0.429091,0.145455,0.636364,0.569711,0.262589,0.661144,0.596185
gnn,A6,rule_pc_cng,20260730,187265,187265,8.04,29.84,2.4578,788,394,394,0.363889,0.039216,0.666667,0.520741,0.18109,0.740593,0.703454,0.386667,0.054545,0.690909,0.538586,0.18637,0.732295,0.696113
